Employee_ID,Lag,ACF_Value
57,0,1.0
57,1,-0.0001
57,2,0.0005
57,3,0.0003
57,4,-0.0052
57,5,-0.0003
57,6,0.0005
57,7,-0.0003
57,8,0.0135
57,9,0.0003
57,10,0.0005
57,11,0.0006
57,12,-0.4034
57,13,0.0
57,14,-0.0003
57,15,-0.0005
57,16,-0.0004
57,17,-0.0011
57,18,-0.0003
57,19,-0.0011
57,20,-0.0006
58,0,1.0
58,1,0.0005
58,2,0.0003
58,3,0.0005
58,4,0.0005
58,5,0.0013
58,6,0.0005
58,7,0.0004
58,8,0.0004
58,9,0.0004
58,10,0.0003
58,11,0.0004
58,12,-0.4028
58,13,-0.0004
58,14,-0.0006
58,15,-0.0005
58,16,-0.0005
58,17,-0.0005
58,18,-0.0005
58,19,-0.0006
58,20,-0.0005
59,0,1.0
59,1,0.1988
59,2,-0.0395
59,3,0.0301
59,4,-0.0013
59,5,-0.0001
59,6,0.0024
59,7,-0.0015
59,8,0.0037
59,9,-0.0049
59,10,0.0119
59,11,0.0059
59,12,-0.2019
59,13,-0.183
59,14,0.0029
59,15,0.0003
59,16,-0.001
59,17,0.0008
59,18,-0.0019
59,19,-0.0005
59,20,0.0037
60,0,1.0
60,1,0.0005
60,2,0.0002
60,3,0.0005
60,4,0.0005
60,5,0.0002
60,6,0.0005
60,7,0.0002
60,8,0.0005
60,9,0.0005
60,10,0.0002
60,11,0.0005
60,12,-0.3911
60,13,-0.0001
60,14,-0.0004
60,15,-0.0001
60,16,-0.0001
60,17,-0.0003
60,18,-0.0001
60,19,-0.0003
60,20,-0.0001
61,0,1.0
61,1,0.0008
61,2,-0.0
61,3,-0.0008
61,4,0.0003
61,5,0.0003
61,6,0.0003
61,7,0.0003
61,8,0.0003
61,9,-0.0008
61,10,0.0002
61,11,0.0
61,12,-0.3859
61,13,-0.0004
61,14,-0.0055
61,15,-0.0012
61,16,0.0
61,17,0.0
61,18,0.0
61,19,0.0
61,20,0.0
62,0,1.0
62,1,0.0003
62,2,0.0004
62,3,0.0004
62,4,0.0004
62,5,-0.0071
62,6,0.0004
62,7,0.0003
62,8,0.0004
62,9,0.0004
62,10,0.0004
62,11,0.0005
62,12,-0.416
62,13,0.0001
62,14,-0.0
62,15,-0.0
62,16,-0.0
62,17,0.0174
62,18,-0.0
62,19,-0.0
62,20,-0.0
63,0,1.0
63,1,0.0004
63,2,0.0004
63,3,0.0004
63,4,0.0004
63,5,0.0004
63,6,0.0003
63,7,0.0003
63,8,0.0003
63,9,0.0003
63,10,0.0002
63,11,0.0002
63,12,-0.4091
63,13,-0.0008
63,14,-0.0008
63,15,-0.0007
63,16,-0.0009
63,17,-0.0009
63,18,-0.0009
63,19,-0.0009
63,20,-0.0009
64,0,1.0
64,1,-0.0119
64,2,0.0004
64,3,0.0002
64,4,0.0001
64,5,0.0003
64,6,0.0003
64,7,0.0003
64,8,0.0002
64,9,0.0055
64,10,0.0006
64,11,0.0047
64,12,-0.4461
64,13,0.0075
64,14,-0.0004
64,15,-0.0007
64,16,-0.0008
64,17,-0.0006
64,18,-0.0006
64,19,-0.0006
64,20,-0.0008
65,0,1.0
65,1,0.1063
65,2,-0.0083
65,3,0.0017
65,4,0.0003
65,5,-0.0004
65,6,0.0001
65,7,0.0003
65,8,0.0006
65,9,-0.0003
65,10,0.0051
65,11,-0.0409
65,12,-0.4188
65,13,-0.0708
65,14,0.0005
65,15,-0.0001
65,16,0.0001
65,17,-0.0059
65,18,-0.0291
65,19,-0.0006
65,20,0.0
66,0,1.0
66,1,0.0468
66,2,-0.0016
66,3,0.0002
66,4,-0.0
66,5,-0.0001
66,6,0.0005
66,7,-0.0001
66,8,-0.0
66,9,-0.0001
66,10,0.0016
66,11,-0.0155
66,12,-0.3898
66,13,-0.0292
66,14,-0.0
66,15,-0.0008
66,16,-0.0009
66,17,-0.0009
66,18,-0.0003
66,19,-0.001
66,20,-0.0009
67,0,1.0
67,1,0.0018
67,2,0.0006
67,3,0.0006
67,4,0.0004
67,5,0.0005
67,6,0.0005
67,7,0.0005
67,8,-0.0075
67,9,0.0005
67,10,0.0005
67,11,0.0005
67,12,-0.1478
67,13,-0.0011
67,14,0.0
67,15,0.0001
67,16,0.0005
67,17,0.0005
67,18,0.0005
67,19,0.0005
67,20,-0.0068
68,0,1.0
68,1,0.0002
68,2,0.0002
68,3,-0.0002
68,4,0.0002
68,5,0.0002
68,6,-0.0002
68,7,0.0002
68,8,0.0002
68,9,-0.009
68,10,0.0002
68,11,0.0002
68,12,-0.4175
68,13,0.0001
68,14,0.0
68,15,-0.0002
68,16,0.0
68,17,0.0
68,18,-0.0005
68,19,0.0
68,20,0.0
69,0,1.0
69,1,0.0004
69,2,0.0004
69,3,0.0004
69,4,0.0004
69,5,0.0004
69,6,0.0011
69,7,0.0011
69,8,0.0011
69,9,0.0011
69,10,0.001
69,11,0.001
69,12,-0.407
69,13,-0.0001
69,14,-0.0001
69,15,-0.0001
69,16,-0.0001
69,17,-0.0001
69,18,-0.0001
69,19,-0.0001
69,20,-0.0001
70,0,1.0
70,1,0.0005
70,2,0.0005
70,3,-0.0009
70,4,0.0005
70,5,0.0005
70,6,0.0005
70,7,0.0005
70,8,0.0005
70,9,-0.001
70,10,0.0005
70,11,0.0005
70,12,-0.383
70,13,-0.0005
70,14,-0.0005
70,15,-0.0019
70,16,-0.0005
70,17,-0.0005
70,18,-0.0005
70,19,-0.0005
70,20,-0.0005
71,0,1.0
71,1,0.0005
71,2,0.0005
71,3,-0.0011
71,4,0.0005
71,5,0.0005
71,6,0.0005
71,7,0.0004
71,8,0.0004
71,9,-0.0011
71,10,0.0004
71,11,0.0004
71,12,-0.3754
71,13,-0.0004
71,14,-0.0004
71,15,-0.0021
71,16,-0.0004
71,17,-0.0004
71,18,-0.0004
71,19,-0.0005
71,20,-0.0005
72,0,1.0
72,1,0.1282
72,2,-0.0105
72,3,0.0023
72,4,0.0002
72,5,0.0006
72,6,0.0005
72,7,0.0005
72,8,0.0007
72,9,-0.0006
72,10,0.0076
72,11,-0.0451
72,12,-0.4571
72,13,-0.0862
72,14,0.0003
72,15,-0.0001
72,16,-0.0
72,17,-0.0
72,18,0.0
72,19,0.0
72,20,-0.0
73,0,1.0
73,1,0.0005
73,2,0.0005
73,3,0.0005
73,4,-0.0097
73,5,0.0005
73,6,0.0005
73,7,0.0011
73,8,-0.0068
73,9,0.0011
73,10,0.0011
73,11,0.0011
73,12,-0.2487
73,13,0.0003
73,14,0.0003
73,15,0.0003
73,16,-0.0044
73,17,0.0003
73,18,0.0003
73,19,0.0003
73,20,0.0297
74,0,1.0
74,1,0.0005
74,2,0.0005
74,3,0.0004
74,4,0.0005
74,5,0.0002
74,6,0.0005
74,7,0.0003
74,8,0.0005
74,9,0.0156
74,10,0.0005
74,11,0.0005
74,12,-0.3783
74,13,-0.0001
74,14,-0.0002
74,15,-0.0009
74,16,-0.0001
74,17,-0.0048
74,18,-0.0001
74,19,-0.0004
74,20,-0.0002
75,0,1.0
75,1,0.0018
75,2,-0.0002
75,3,0.0004
75,4,0.0002
75,5,0.0004
75,6,-0.003
75,7,0.0005
75,8,0.0003
75,9,0.0004
75,10,-0.0001
75,11,0.0001
75,12,-0.4012
75,13,-0.0008
75,14,-0.0008
75,15,-0.0002
75,16,-0.0047
75,17,-0.0002
75,18,0.0065
75,19,-0.0002
75,20,-0.0002
76,0,1.0
76,1,-0.0001
76,2,0.0005
76,3,-0.0062
76,4,0.0012
76,5,0.0012
76,6,0.0012
76,7,0.0012
76,8,0.0012
76,9,-0.0115
76,10,0.0011
76,11,0.0013
76,12,-0.2437
76,13,0.0008
76,14,0.0003
76,15,0.0003
76,16,0.0003
76,17,0.0003
76,18,0.0003
76,19,0.0003
76,20,0.0003
77,0,1.0
77,1,0.0005
77,2,0.0005
77,3,0.0005
77,4,0.0005
77,5,0.0005
77,6,0.0005
77,7,0.0005
77,8,0.0005
77,9,0.0005
77,10,0.0005
77,11,0.0005
77,12,-0.417
77,13,0.0
77,14,0.0
77,15,0.0001
77,16,0.0
77,17,0.0
77,18,0.0
77,19,0.0
77,20,0.0
78,0,1.0
78,1,0.1012
78,2,-0.0125
78,3,0.0029
78,4,-0.0003
78,5,0.0006
78,6,0.0005
78,7,0.0004
78,8,0.0003
78,9,-0.0005
78,10,0.0061
78,11,-0.0309
78,12,-0.3846
78,13,-0.057
78,14,0.0031
78,15,-0.0011
78,16,-0.0001
78,17,-0.0002
78,18,-0.0
78,19,-0.0001
78,20,-0.0004
79,0,1.0
79,1,0.0058
79,2,-0.0003
79,3,0.0004
79,4,0.0004
79,5,-0.0001
79,6,0.0004
79,7,-0.0002
79,8,0.0004
79,9,0.0004
79,10,-0.0002
79,11,-0.0015
79,12,-0.379
79,13,-0.0033
79,14,-0.0008
79,15,-0.0001
79,16,-0.0
79,17,-0.0005
79,18,-0.0
79,19,-0.0007
79,20,-0.0
80,0,1.0
80,1,0.0091
80,2,0.0015
80,3,0.1154
80,4,0.0018
80,5,0.0005
80,6,0.0007
80,7,0.0005
80,8,0.0001
80,9,-0.0418
80,10,-0.0
80,11,-0.0025
80,12,-0.4301
80,13,-0.0058
80,14,-0.0003
80,15,-0.0609
80,16,-0.0006
80,17,-0.0
80,18,0.0
80,19,-0.0
80,20,0.0
81,0,1.0
81,1,0.0005
81,2,0.0005
81,3,0.0005
81,4,-0.0001
81,5,0.0005
81,6,0.0005
81,7,0.0005
81,8,-0.0
81,9,0.0005
81,10,0.0005
81,11,0.0005
81,12,-0.3941
81,13,-0.0
81,14,-0.0
81,15,-0.0
81,16,-0.0007
81,17,-0.0
81,18,-0.0001
81,19,-0.0001
81,20,-0.0005
82,0,1.0
82,1,0.0393
82,2,-0.0017
82,3,-0.0094
82,4,-0.0002
82,5,0.0001
82,6,0.0004
82,7,0.0001
82,8,-0.0002
82,9,-0.0004
82,10,0.001
82,11,-0.0134
82,12,-0.3883
82,13,-0.0255
82,14,0.0004
82,15,0.0182
82,16,0.0001
82,17,-0.0006
82,18,-0.0004
82,19,0.001
82,20,-0.001
83,0,1.0
83,1,0.002
83,2,0.0006
83,3,0.0006
83,4,0.0006
83,5,0.0006
83,6,0.0006
83,7,0.0005
83,8,0.0005
83,9,0.0005
83,10,0.0006
83,11,0.0003
83,12,-0.1743
83,13,-0.0013
83,14,-0.0001
83,15,-0.0
83,16,-0.0
83,17,-0.0
83,18,-0.0
83,19,0.0005
83,20,0.0005
84,0,1.0
84,1,0.1062
84,2,-0.0082
84,3,0.0019
84,4,0.0004
84,5,-0.0002
84,6,0.0006
84,7,-0.0002
84,8,0.0007
84,9,-0.0002
84,10,0.006
84,11,-0.0369
84,12,-0.4137
84,13,-0.0711
84,14,0.0002
84,15,-0.0005
84,16,-0.0003
84,17,-0.0012
84,18,-0.0003
84,19,-0.0011
84,20,-0.0003
85,0,1.0
85,1,0.0522
85,2,-0.0024
85,3,0.0004
85,4,-0.0002
85,5,-0.0007
85,6,0.0003
85,7,-0.0009
85,8,-0.0003
85,9,0.0001
85,10,0.0018
85,11,-0.018
85,12,-0.3632
85,13,-0.0335
85,14,0.0004
85,15,-0.0
85,16,-0.0003
85,17,-0.0007
85,18,0.0001
85,19,-0.0011
85,20,-0.0007
86,0,1.0
86,1,0.0009
86,2,0.0006
86,3,0.0005
86,4,0.0002
86,5,-0.0003
86,6,0.0005
86,7,0.0006
86,8,-0.0009
86,9,0.0004
86,10,0.0004
86,11,-0.0012
86,12,-0.146
86,13,0.0008
86,14,0.0001
86,15,0.0
86,16,-0.0
86,17,-0.0001
86,18,0.0001
86,19,0.0016
86,20,-0.0065
87,0,1.0
87,1,-0.0088
87,2,0.0021
87,3,0.0013
87,4,0.0013
87,5,-0.0022
87,6,0.0011
87,7,-0.001
87,8,0.0011
87,9,0.0012
87,10,0.0011
87,11,0.0031
87,12,-0.2368
87,13,0.0074
87,14,0.0002
87,15,0.0003
87,16,0.0002
87,17,0.0129
87,18,0.0002
87,19,0.0003
87,20,0.0003
88,0,1.0
88,1,0.0809
88,2,-0.0044
88,3,-0.0006
88,4,-0.0002
88,5,0.0006
88,6,0.0006
88,7,0.0006
88,8,-0.0002
88,9,-0.0016
88,10,0.0036
88,11,-0.0291
88,12,-0.4191
88,13,-0.0547
88,14,-0.0003
88,15,-0.0022
88,16,-0.0012
88,17,-0.0005
88,18,-0.0004
88,19,-0.0004
88,20,-0.0013
89,0,1.0
89,1,-0.1115
89,2,-0.0078
89,3,-0.0006
89,4,0.0003
89,5,0.0004
89,6,0.0005
89,7,0.0005
89,8,0.0005
89,9,0.0012
89,10,0.0059
89,11,0.0409
89,12,-0.4594
89,13,0.0757
89,14,-0.0001
89,15,-0.0001
89,16,-0.0001
89,17,-0.0001
89,18,-0.0001
89,19,-0.0001
89,20,-0.0001
90,0,1.0
90,1,0.0011
90,2,0.0001
90,3,0.0003
90,4,0.0001
90,5,0.0003
90,6,0.0005
90,7,0.0003
90,8,0.0001
90,9,0.0003
90,10,0.0
90,11,0.0003
90,12,-0.3929
90,13,-0.0007
90,14,-0.0008
90,15,-0.0004
90,16,-0.0008
90,17,-0.0005
90,18,-0.0004
90,19,-0.0006
90,20,-0.0008
91,0,1.0
91,1,0.0154
91,2,0.0002
91,3,0.0005
91,4,-0.0002
91,5,0.0
91,6,0.0005
91,7,0.0
91,8,0.0001
91,9,0.0005
91,10,0.0005
91,11,-0.0048
91,12,-0.4055
91,13,-0.0094
91,14,-0.0001
91,15,-0.0004
91,16,-0.0146
91,17,-0.0006
91,18,-0.0001
91,19,-0.0006
91,20,-0.0004
92,0,1.0
92,1,-0.0011
92,2,-0.0002
92,3,0.0004
92,4,0.0006
92,5,-0.0242
92,6,0.0005
92,7,-0.0002
92,8,0.0005
92,9,0.0004
92,10,-0.0002
92,11,0.001
92,12,-0.3875
92,13,0.0007
92,14,-0.001
92,15,-0.0004
92,16,-0.0004
92,17,0.0505
92,18,-0.0002
92,19,-0.0006
92,20,-0.0002
93,0,1.0
93,1,0.0006
93,2,-0.0004
93,3,0.0005
93,4,0.0005
93,5,0.0005
93,6,0.0005
93,7,0.0005
93,8,0.0005
93,9,0.0005
93,10,-0.0005
93,11,0.0005
93,12,-0.4128
93,13,-0.0002
93,14,-0.0011
93,15,-0.0002
93,16,-0.0002
93,17,-0.0002
93,18,-0.0002
93,19,-0.0002
93,20,-0.0002
94,0,1.0
94,1,-0.2215
94,2,-0.0365
94,3,-0.0124
94,4,-0.0042
94,5,-0.0008
94,6,0.0001
94,7,0.0006
94,8,0.0008
94,9,0.0041
94,10,0.0194
94,11,0.0644
94,12,-0.3806
94,13,0.1628
94,14,0.0001
94,15,-0.0016
94,16,-0.0014
94,17,-0.0003
94,18,-0.0003
94,19,-0.0002
94,20,0.0117
95,0,1.0
95,1,0.0562
95,2,-0.0025
95,3,-0.0005
95,4,0.0004
95,5,-0.0006
95,6,0.0004
95,7,-0.0006
95,8,0.0004
95,9,-0.0005
95,10,0.0018
95,11,-0.0194
95,12,-0.382
95,13,-0.0377
95,14,-0.0007
95,15,-0.0006
95,16,-0.0
95,17,-0.0019
95,18,-0.0008
95,19,-0.0017
95,20,-0.0008
96,0,1.0
96,1,-0.0082
96,2,0.0005
96,3,0.0006
96,4,0.0006
96,5,0.0006
96,6,0.0006
96,7,0.0006
96,8,0.0006
96,9,0.0006
96,10,0.0006
96,11,0.0036
96,12,-0.4101
96,13,0.0062
96,14,0.0
96,15,0.0
96,16,0.0
96,17,0.0
96,18,0.0
96,19,0.0
96,20,0.0
97,0,1.0
97,1,-0.0029
97,2,-0.0003
97,3,-0.0023
97,4,0.0004
97,5,0.0004
97,6,0.0004
97,7,0.0004
97,8,0.0004
97,9,-0.0025
97,10,-0.0002
97,11,0.0013
97,12,-0.3768
97,13,0.0013
97,14,-0.0017
97,15,-0.0033
97,16,-0.0007
97,17,-0.0007
97,18,-0.0007
97,19,-0.0007
97,20,-0.0007
98,0,1.0
98,1,-0.087
98,2,-0.0071
98,3,-0.0009
98,4,-0.0
98,5,-0.0016
98,6,-0.0005
98,7,-0.0018
98,8,0.0001
98,9,0.0006
98,10,0.0044
98,11,0.03
98,12,-0.3447
98,13,0.0575
98,14,-0.0002
98,15,-0.0006
98,16,-0.0007
98,17,-0.0024
98,18,-0.0014
98,19,-0.0029
98,20,-0.0009
99,0,1.0
99,1,-0.0067
99,2,0.0005
99,3,0.0005
99,4,0.0005
99,5,0.0003
99,6,0.0005
99,7,0.0005
99,8,0.0005
99,9,0.0005
99,10,0.0004
99,11,0.0113
99,12,-0.4582
99,13,0.0022
99,14,-0.0
99,15,-0.0
99,16,-0.0
99,17,-0.0002
99,18,-0.0
99,19,0.0017
99,20,-0.0
100,0,1.0
100,1,0.0012
100,2,0.0
100,3,0.0004
100,4,0.0005
100,5,0.0005
100,6,0.0005
100,7,0.0005
100,8,0.0005
100,9,0.0004
100,10,0.0
100,11,-0.0006
100,12,-0.3935
100,13,-0.0012
100,14,-0.0006
100,15,-0.0003
100,16,-0.0
100,17,-0.0
100,18,-0.0
100,19,-0.0
100,20,-0.0
101,0,1.0
101,1,0.0005
101,2,0.0005
101,3,0.0005
101,4,0.0005
101,5,0.0005
101,6,0.0005
101,7,0.0003
101,8,0.0005
101,9,0.0005
101,10,0.0005
101,11,0.0005
101,12,-0.4604
101,13,-0.0
101,14,-0.0
101,15,-0.0
101,16,-0.0
101,17,-0.0
101,18,0.0
101,19,0.0004
101,20,-0.0
102,0,1.0
102,1,0.0027
102,2,0.0006
102,3,0.0127
102,4,0.0006
102,5,0.0005
102,6,0.0005
102,7,0.0005
102,8,0.0005
102,9,-0.0045
102,10,0.0005
102,11,-0.0002
102,12,-0.4784
102,13,-0.0014
102,14,-0.0
102,15,-0.0074
102,16,-0.0001
102,17,-0.0
102,18,-0.0001
102,19,-0.0
102,20,-0.0
103,0,1.0
103,1,0.0897
103,2,-0.008
103,3,0.0013
103,4,0.0003
103,5,0.0006
103,6,0.0005
103,7,0.0006
103,8,0.0006
103,9,-0.0005
103,10,0.0047
103,11,-0.0291
103,12,-0.3891
103,13,-0.0555
103,14,-0.0037
103,15,-0.0011
103,16,-0.0001
103,17,-0.0001
103,18,-0.0001
103,19,-0.0001
103,20,-0.0002
104,0,1.0
104,1,0.0002
104,2,0.0003
104,3,0.0002
104,4,0.0013
104,5,0.0013
104,6,0.0013
104,7,0.0012
104,8,0.0013
104,9,0.0012
104,10,0.0013
104,11,0.0013
104,12,-0.2241
104,13,0.0004
104,14,0.0004
104,15,0.0004
104,16,0.0004
104,17,0.0004
104,18,0.0003
104,19,0.0003
104,20,0.0003
105,0,1.0
105,1,0.0001
105,2,0.0
105,3,0.0246
105,4,0.0
105,5,-0.0007
105,6,0.0002
105,7,-0.0007
105,8,0.0001
105,9,-0.0007
105,10,0.0
105,11,0.0002
105,12,-0.4044
105,13,0.0001
105,14,-0.0001
105,15,-0.0008
105,16,0.0022
105,17,-0.001
105,18,0.0
105,19,0.0088
105,20,-0.0
106,0,1.0
106,1,-0.0028
106,2,0.0005
106,3,0.0005
106,4,0.0005
106,5,0.0005
106,6,0.0005
106,7,0.0005
106,8,0.0005
106,9,0.0005
106,10,0.0005
106,11,0.0
106,12,-0.0979
106,13,0.0032
106,14,0.0001
106,15,0.0001
106,16,0.0001
106,17,0.0001
106,18,0.0001
106,19,0.0001
106,20,0.0001
107,0,1.0
107,1,0.1905
107,2,-0.0354
107,3,0.0111
107,4,-0.0033
107,5,0.0022
107,6,-0.0001
107,7,0.0007
107,8,0.0017
107,9,-0.0048
107,10,0.0181
107,11,-0.0561
107,12,-0.3835
107,13,-0.1291
107,14,0.0076
107,15,-0.0043
107,16,0.0015
107,17,-0.0013
107,18,0.0003
107,19,-0.0005
107,20,-0.0002
108,0,1.0
108,1,-0.0051
108,2,0.0005
108,3,0.0003
108,4,0.0005
108,5,0.0005
108,6,0.0006
108,7,-0.0028
108,8,0.0004
108,9,0.0003
108,10,0.0005
108,11,0.0025
108,12,-0.4576
108,13,0.0036
108,14,0.0
108,15,-0.0002
108,16,-0.0
108,17,0.0
108,18,0.0002
108,19,-0.0185
108,20,-0.0002
109,0,1.0
109,1,0.0005
109,2,-0.0001
109,3,0.0005
109,4,0.0005
109,5,0.0004
109,6,0.0005
109,7,0.0004
109,8,0.0005
109,9,0.0005
109,10,0.0005
109,11,0.0005
109,12,-0.4243
109,13,0.0001
109,14,-0.0075
109,15,0.0001
109,16,0.0001
109,17,-0.0
109,18,0.0001
109,19,-0.0001
109,20,0.0001
110,0,1.0
110,1,0.0148
110,2,0.0002
110,3,0.0004
110,4,0.0004
110,5,0.0001
110,6,0.0003
110,7,0.0001
110,8,0.0004
110,9,0.0004
110,10,0.0005
110,11,-0.0059
110,12,-0.3782
110,13,-0.0111
110,14,-0.0006
110,15,-0.0006
110,16,-0.0006
110,17,-0.001
110,18,-0.0008
110,19,-0.001
110,20,-0.0007
111,0,1.0
111,1,0.0005
111,2,0.0005
111,3,0.0005
111,4,-0.0007
111,5,0.0005
111,6,0.0005
111,7,0.0005
111,8,-0.0008
111,9,0.0005
111,10,0.0004
111,11,0.0004
111,12,-0.3862
111,13,-0.0005
111,14,-0.0005
111,15,-0.0005
111,16,-0.0017
111,17,-0.0005
111,18,-0.0005
111,19,-0.0005
111,20,-0.0008
112,0,1.0
112,1,0.0162
112,2,-0.0
112,3,0.0005
112,4,0.0005
112,5,-0.0001
112,6,-0.0005
112,7,-0.0002
112,8,0.0004
112,9,0.0005
112,10,0.0006
112,11,-0.0074
112,12,-0.3863
112,13,-0.0097
112,14,0.0002
112,15,-0.0
112,16,0.0014
112,17,-0.0007
112,18,-0.0013
112,19,-0.0008
112,20,-0.0001
113,0,1.0
113,1,0.0006
113,2,0.0006
113,3,-0.0259
113,4,0.0009
113,5,0.0009
113,6,-0.0001
113,7,0.0007
113,8,0.0009
113,9,0.068
113,10,0.0009
113,11,0.0009
113,12,-0.4287
113,13,0.0001
113,14,0.0001
113,15,-0.0002
113,16,0.0001
113,17,0.0001
113,18,0.0032
113,19,-0.0002
113,20,0.0001
114,0,1.0
114,1,0.1485
114,2,-0.0183
114,3,0.0046
114,4,-0.0008
114,5,0.0005
114,6,-0.0026
114,7,0.0002
114,8,0.0005
114,9,-0.0019
114,10,0.0111
114,11,-0.0485
114,12,-0.3705
114,13,-0.1036
114,14,-0.0002
114,15,-0.0011
114,16,-0.0009
114,17,-0.001
114,18,-0.0038
114,19,-0.001
114,20,-0.0011
115,0,1.0
115,1,-0.0035
115,2,0.0005
115,3,0.0005
115,4,0.0005
115,5,0.0005
115,6,0.0005
115,7,0.0005
115,8,0.0005
115,9,0.0005
115,10,0.0041
115,11,-0.0002
115,12,-0.0898
115,13,0.0038
115,14,-0.0033
115,15,0.0002
115,16,0.0001
115,17,0.0001
115,18,0.0005
115,19,0.0005
115,20,0.0005
116,0,1.0
116,1,-0.164
116,2,-0.028
116,3,-0.0074
116,4,-0.0021
116,5,-0.0005
116,6,0.0
116,7,0.0003
116,8,0.001
116,9,0.0035
116,10,0.0141
116,11,0.049
116,12,-0.3932
116,13,0.1044
116,14,0.0074
116,15,0.0028
116,16,0.0012
116,17,0.0005
116,18,0.0001
116,19,-0.0001
116,20,-0.0001
117,0,1.0
117,1,0.0002
117,2,0.0005
117,3,-0.0001
117,4,0.0005
117,5,0.0005
117,6,0.0005
117,7,0.0005
117,8,0.0005
117,9,-0.0001
117,10,0.0005
117,11,0.0006
117,12,-0.4023
117,13,0.0001
117,14,-0.0001
117,15,-0.0007
117,16,-0.0001
117,17,-0.0001
117,18,-0.0001
117,19,-0.0001
117,20,-0.0001
118,0,1.0
118,1,-0.0
118,2,0.0005
118,3,0.0005
118,4,0.0005
118,5,0.0005
118,6,0.0005
118,7,0.0005
118,8,0.0005
118,9,0.0005
118,10,0.0005
118,11,0.0007
118,12,-0.3837
118,13,0.0002
118,14,-0.0001
118,15,-0.0001
118,16,-0.0001
118,17,-0.0002
118,18,-0.0002
118,19,-0.0002
118,20,-0.0002
119,0,1.0
119,1,-0.0005
119,2,-0.0009
119,3,0.0001
119,4,-0.0005
119,5,0.0001
119,6,0.0001
119,7,0.0001
119,8,-0.0004
119,9,0.0001
119,10,-0.0171
119,11,0.0003
119,12,-0.4044
119,13,0.0004
119,14,-0.0008
119,15,0.0
119,16,-0.0008
119,17,0.0
119,18,0.0
119,19,0.0
119,20,-0.0004
120,0,1.0
120,1,0.0001
120,2,0.0005
120,3,0.0005
120,4,0.0005
120,5,0.0005
120,6,0.0005
120,7,0.0005
120,8,0.0005
120,9,0.0005
120,10,0.0005
120,11,0.0004
120,12,-0.0814
120,13,0.0009
120,14,0.0006
120,15,0.0006
120,16,0.0006
120,17,0.0006
120,18,0.0006
120,19,0.0006
120,20,0.0006
121,0,1.0
121,1,0.0007
121,2,0.0005
121,3,0.0117
121,4,-0.0
121,5,0.0005
121,6,0.0005
121,7,0.0005
121,8,-0.0
121,9,-0.0034
121,10,0.0005
121,11,0.0003
121,12,-0.389
121,13,-0.0003
121,14,-0.0001
121,15,-0.0039
121,16,-0.0007
121,17,-0.0001
121,18,-0.0001
121,19,-0.0001
121,20,-0.0007
122,0,1.0
122,1,0.2611
122,2,-0.0408
122,3,0.0135
122,4,-0.0035
122,5,0.0018
122,6,0.0004
122,7,-0.0
122,8,0.0029
122,9,-0.0071
122,10,0.0253
122,11,-0.0817
122,12,-0.4538
122,13,-0.1911
122,14,0.0001
122,15,-0.0001
122,16,0.0
122,17,-0.0001
122,18,-0.0
122,19,-0.0001
122,20,-0.0
123,0,1.0
123,1,-0.0
123,2,0.0001
123,3,0.0003
123,4,0.0004
123,5,-0.0065
123,6,0.0005
123,7,0.0194
123,8,0.0004
123,9,0.0003
123,10,0.0001
123,11,0.0006
123,12,-0.4007
123,13,0.0
123,14,-0.0006
123,15,-0.0005
123,16,-0.0003
123,17,-0.0003
123,18,-0.0003
123,19,-0.0073
123,20,-0.0004
124,0,1.0
124,1,0.0003
124,2,-0.0002
124,3,0.0004
124,4,-0.0003
124,5,0.0004
124,6,-0.0036
124,7,0.0004
124,8,0.0
124,9,0.0004
124,10,-0.0003
124,11,0.0004
124,12,-0.3678
124,13,0.0
124,14,-0.0006
124,15,0.0
124,16,-0.002
124,17,0.0
124,18,-0.0041
124,19,0.0
124,20,-0.0002
125,0,1.0
125,1,0.0005
125,2,0.0004
125,3,0.0004
125,4,0.0004
125,5,0.0003
125,6,0.0003
125,7,0.0003
125,8,0.0003
125,9,0.0003
125,10,0.0012
125,11,0.0012
125,12,-0.2333
125,13,0.0003
125,14,0.0004
125,15,0.0004
125,16,0.0004
125,17,0.0004
125,18,0.0003
125,19,0.0003
125,20,0.0003
126,0,1.0
126,1,0.1013
126,2,-0.0115
126,3,0.0025
126,4,-0.0002
126,5,0.0001
126,6,0.0003
126,7,-0.0
126,8,0.0007
126,9,-0.0006
126,10,0.006
126,11,-0.0317
126,12,-0.3953
126,13,-0.0584
126,14,0.0028
126,15,-0.0012
126,16,-0.0002
126,17,-0.0007
126,18,-0.0003
126,19,-0.0007
126,20,-0.0004
127,0,1.0
127,1,0.2479
127,2,-0.0428
127,3,-0.0039
127,4,-0.0902
127,5,-0.0263
127,6,-0.0102
127,7,0.0564
127,8,0.177
127,9,0.0344
127,10,0.0128
127,11,-0.0767
127,12,-0.411
127,13,-0.1817
127,14,0.0025
127,15,-0.001
127,16,0.0015
127,17,-0.0029
127,18,0.0084
127,19,-0.0094
127,20,-0.0741
128,0,1.0
128,1,0.0114
128,2,0.0001
128,3,-0.0004
128,4,0.0005
128,5,0.0005
128,6,0.0005
128,7,0.0005
128,8,0.0005
128,9,-0.0003
128,10,0.0003
128,11,-0.0034
128,12,-0.4047
128,13,-0.0073
128,14,-0.0007
128,15,-0.0014
128,16,-0.0004
128,17,-0.0004
128,18,-0.0004
128,19,-0.0004
128,20,-0.0004
129,0,1.0
129,1,0.0005
129,2,0.0005
129,3,0.0005
129,4,0.0005
129,5,0.0005
129,6,-0.0018
129,7,0.0005
129,8,0.0005
129,9,0.0005
129,10,0.0005
129,11,0.0005
129,12,-0.4043
129,13,-0.0003
129,14,-0.0004
129,15,-0.0004
129,16,-0.0004
129,17,-0.0004
129,18,0.0155
129,19,-0.0004
129,20,-0.0004
130,0,1.0
130,1,-0.0052
130,2,-0.0005
130,3,0.0005
130,4,0.0004
130,5,0.0004
130,6,-0.0002
130,7,0.0004
130,8,0.0004
130,9,0.0005
130,10,-0.0005
130,11,0.0019
130,12,-0.4088
130,13,0.0043
130,14,-0.0009
130,15,-0.0
130,16,-0.0001
130,17,0.0
130,18,-0.0064
130,19,-0.0042
130,20,-0.0001
131,0,1.0
131,1,0.0004
131,2,0.0005
131,3,0.0003
131,4,-0.0001
131,5,0.0
131,6,0.0004
131,7,0.0
131,8,-0.0002
131,9,0.0003
131,10,0.0004
131,11,0.0004
131,12,-0.3701
131,13,-0.0003
131,14,-0.0004
131,15,-0.0007
131,16,-0.001
131,17,-0.0008
131,18,-0.0005
131,19,-0.0009
131,20,-0.001
132,0,1.0
132,1,-0.0002
132,2,-0.0004
132,3,-0.0004
132,4,-0.0004
132,5,-0.0004
132,6,-0.0004
132,7,-0.0004
132,8,-0.0004
132,9,-0.0004
132,10,-0.0004
132,11,-0.0
132,12,-0.3437
132,13,-0.0008
132,14,-0.0008
132,15,-0.0008
132,16,-0.0008
132,17,-0.0008
132,18,-0.0008
132,19,-0.0008
132,20,-0.0008
133,0,1.0
133,1,0.1206
133,2,-0.0135
133,3,0.0033
133,4,-0.0001
133,5,0.0007
133,6,0.0002
133,7,0.0005
133,8,0.0008
133,9,-0.0008
133,10,0.008
133,11,-0.0398
133,12,-0.3895
133,13,-0.0774
133,14,0.0022
133,15,-0.0008
133,16,0.0002
133,17,-0.0002
133,18,-0.0004
133,19,-0.0001
133,20,-0.0001
134,0,1.0
134,1,0.0005
134,2,0.0005
134,3,0.0012
134,4,0.0018
134,5,0.0012
134,6,0.0012
134,7,-0.0004
134,8,0.0011
134,9,0.0011
134,10,0.0011
134,11,0.0011
134,12,-0.2541
134,13,0.0003
134,14,0.0003
134,15,0.0003
134,16,0.0002
134,17,0.0003
134,18,0.0003
134,19,0.0037
134,20,0.0001
135,0,1.0
135,1,0.0
135,2,0.0001
135,3,0.0005
135,4,0.0003
135,5,0.0732
135,6,0.0004
135,7,-0.0256
135,8,0.0005
135,9,0.0005
135,10,0.0001
135,11,0.0006
135,12,-0.3864
135,13,0.0001
135,14,-0.0004
135,15,-0.0001
135,16,-0.0002
135,17,-0.0264
135,18,-0.0003
135,19,-0.0008
135,20,-0.0002
136,0,1.0
136,1,0.2325
136,2,-0.0333
136,3,0.01
136,4,-0.002
136,5,0.0013
136,6,0.0005
136,7,0.0003
136,8,0.0021
136,9,-0.005
136,10,0.0213
136,11,-0.0754
136,12,-0.4543
136,13,-0.1662
136,14,0.0002
136,15,-0.0002
136,16,0.0
136,17,-0.0001
136,18,-0.0001
136,19,-0.0001
136,20,-0.0001
137,0,1.0
137,1,0.0054
137,2,0.0005
137,3,0.0005
137,4,0.0005
137,5,0.0004
137,6,0.0005
137,7,0.0003
137,8,0.0005
137,9,0.0005
137,10,0.0005
137,11,-0.002
137,12,-0.4074
137,13,-0.004
137,14,-0.0003
137,15,-0.0003
137,16,-0.0004
137,17,-0.0005
137,18,-0.0004
137,19,-0.0005
137,20,-0.0004
138,0,1.0
138,1,0.0398
138,2,-0.0011
138,3,0.0001
138,4,0.0
138,5,0.0005
138,6,0.0005
138,7,0.0005
138,8,0.0
138,9,-0.0001
138,10,0.0014
138,11,-0.0126
138,12,-0.3626
138,13,-0.0246
138,14,0.0
138,15,-0.0009
138,16,-0.0008
138,17,-0.0003
138,18,-0.0003
138,19,-0.0003
138,20,-0.0008
139,0,1.0
139,1,-0.0015
139,2,-0.0031
139,3,0.0005
139,4,0.0005
139,5,0.0005
139,6,0.0005
139,7,0.0005
139,8,0.0005
139,9,0.0005
139,10,0.0005
139,11,0.0011
139,12,-0.3585
139,13,0.0017
139,14,-0.0131
139,15,0.0001
139,16,0.0001
139,17,0.0
139,18,0.0001
139,19,0.0001
139,20,0.0001
140,0,1.0
140,1,0.0
140,2,-0.0
140,3,0.0004
140,4,-0.0015
140,5,0.0007
140,6,0.0005
140,7,0.0005
140,8,-0.0
140,9,0.005
140,10,-0.0001
140,11,0.0007
140,12,-0.4054
140,13,0.0001
140,14,-0.0008
140,15,-0.0004
140,16,0.0137
140,17,-0.0003
140,18,-0.0003
140,19,-0.0003
140,20,-0.0007
141,0,1.0
141,1,0.0015
141,2,0.0005
141,3,0.0001
141,4,0.0004
141,5,0.0005
141,6,-0.0068
141,7,0.0005
141,8,0.0004
141,9,0.0001
141,10,0.0005
141,11,-0.0003
141,12,-0.4
141,13,-0.0014
141,14,-0.0003
141,15,-0.0007
141,16,-0.0003
141,17,-0.0003
141,18,0.0148
141,19,-0.0002
141,20,-0.0004
142,0,1.0
142,1,-0.0047
142,2,0.0005
142,3,0.0006
142,4,0.0006
142,5,0.0006
142,6,0.0006
142,7,0.0006
142,8,0.0006
142,9,0.0006
142,10,0.0006
142,11,0.0025
142,12,-0.4583
142,13,0.0034
142,14,-0.0001
142,15,0.0
142,16,-0.0001
142,17,-0.0001
142,18,-0.0
142,19,-0.0001
142,20,-0.0001
143,0,1.0
143,1,0.0464
143,2,-0.0074
143,3,-0.0006
143,4,0.0001
143,5,0.0004
143,6,0.0001
143,7,0.0004
143,8,0.0001
143,9,0.0005
143,10,0.0173
143,11,-0.0148
143,12,-0.3929
143,13,-0.0289
143,14,0.0003
143,15,-0.0011
143,16,-0.0005
143,17,-0.0002
143,18,-0.0005
143,19,-0.0002
143,20,-0.0001
144,0,1.0
144,1,-0.0048
144,2,0.0005
144,3,0.0005
144,4,0.0044
144,5,0.0004
144,6,0.0116
144,7,0.0005
144,8,0.0006
144,9,0.0005
144,10,0.0005
144,11,-0.0004
144,12,-0.0966
144,13,0.0052
144,14,0.0002
144,15,0.0005
144,16,0.0005
144,17,0.0006
144,18,-0.0043
144,19,0.0006
144,20,0.0005
145,0,1.0
145,1,-0.0202
145,2,-0.0005
145,3,0.0002
145,4,0.0003
145,5,0.0004
145,6,0.0005
145,7,0.0004
145,8,0.0002
145,9,0.0002
145,10,-0.0001
145,11,0.0076
145,12,-0.4076
145,13,0.0127
145,14,-0.0009
145,15,-0.0005
145,16,-0.0005
145,17,-0.0004
145,18,-0.0002
145,19,-0.0003
145,20,-0.0005
146,0,1.0
146,1,0.1476
146,2,-0.0051
146,3,0.0061
146,4,-0.0007
146,5,0.001
146,6,0.0006
146,7,0.0005
146,8,0.0012
146,9,-0.0023
146,10,0.006
146,11,-0.0497
146,12,-0.3943
146,13,-0.0981
146,14,-0.0035
146,15,-0.001
146,16,0.0001
146,17,-0.0003
146,18,-0.0002
146,19,-0.0002
146,20,-0.0002
147,0,1.0
147,1,0.0043
147,2,0.0004
147,3,-0.0
147,4,0.0005
147,5,-0.0003
147,6,0.0017
147,7,-0.0003
147,8,0.0004
147,9,-0.0001
147,10,0.0004
147,11,-0.0009
147,12,-0.3971
147,13,-0.0028
147,14,-0.0004
147,15,-0.0009
147,16,-0.0005
147,17,-0.0012
147,18,-0.0005
147,19,-0.0012
147,20,-0.0004
148,0,1.0
148,1,-0.0614
148,2,-0.0033
148,3,-0.0
148,4,0.0002
148,5,0.0003
148,6,0.0003
148,7,0.0003
148,8,0.0003
148,9,0.0005
148,10,0.002
148,11,0.0189
148,12,-0.358
148,13,0.0363
148,14,-0.0006
148,15,-0.0005
148,16,-0.0006
148,17,-0.0006
148,18,-0.0006
148,19,-0.0006
148,20,-0.0006
149,0,1.0
149,1,-0.0022
149,2,0.0005
149,3,0.0005
149,4,0.0005
149,5,0.0005
149,6,0.0005
149,7,0.0005
149,8,0.0005
149,9,0.0005
149,10,0.0005
149,11,0.0078
149,12,-0.4212
149,13,-0.0001
149,14,0.0
149,15,0.0
149,16,0.0001
149,17,0.0
149,18,0.0
149,19,0.0
149,20,0.0
150,0,1.0
150,1,0.0085
150,2,0.0002
150,3,0.0215
150,4,0.0151
150,5,0.0006
150,6,-0.0002
150,7,0.0004
150,8,-0.0051
150,9,-0.0081
150,10,-0.0
150,11,-0.0026
150,12,-0.4032
150,13,-0.0051
150,14,-0.0006
150,15,-0.0086
150,16,-0.0055
150,17,-0.0001
150,18,-0.0008
150,19,-0.0002
150,20,-0.0003
151,0,1.0
151,1,0.1186
151,2,-0.0464
151,3,-0.0047
151,4,-0.0007
151,5,-0.0003
151,6,-0.0017
151,7,-0.0003
151,8,-0.0013
151,9,0.0124
151,10,0.1019
151,11,-0.0313
151,12,-0.3894
151,13,-0.0825
151,14,0.0005
151,15,-0.0007
151,16,-0.0004
151,17,-0.0007
151,18,-0.0019
151,19,-0.0012
151,20,0.0006
152,0,1.0
152,1,0.2052
152,2,-0.0263
152,3,0.011
152,4,-0.003
152,5,-0.0002
152,6,-0.0
152,7,-0.0016
152,8,0.0017
152,9,-0.0045
152,10,0.0186
152,11,-0.0476
152,12,-0.3843
152,13,-0.1469
152,14,0.0018
152,15,-0.0013
152,16,-0.0003
152,17,-0.0027
152,18,-0.0006
152,19,-0.0029
152,20,-0.0006
153,0,1.0
153,1,-0.0196
153,2,0.0
153,3,0.0005
153,4,0.0
153,5,-0.0004
153,6,0.0006
153,7,-0.0004
153,8,-0.0001
153,9,0.0022
153,10,0.0006
153,11,0.0079
153,12,-0.4234
153,13,0.013
153,14,-0.0003
153,15,-0.0004
153,16,-0.0008
153,17,-0.0013
153,18,-0.0003
153,19,-0.0013
153,20,-0.0008
154,0,1.0
154,1,-0.0101
154,2,0.0002
154,3,-0.0001
154,4,0.0004
154,5,0.0003
154,6,0.0003
154,7,0.0001
154,8,0.0003
154,9,-0.0004
154,10,0.0003
154,11,0.0196
154,12,-0.3934
154,13,0.0049
154,14,-0.0007
154,15,-0.001
154,16,-0.0005
154,17,0.0009
154,18,-0.0008
154,19,-0.0009
154,20,-0.0006
155,0,1.0
155,1,0.0005
155,2,0.0005
155,3,0.0005
155,4,0.0005
155,5,0.0005
155,6,-0.0012
155,7,0.0005
155,8,0.0005
155,9,0.0005
155,10,0.0005
155,11,0.0005
155,12,-0.392
155,13,-0.0004
155,14,-0.0004
155,15,-0.0004
155,16,-0.0004
155,17,-0.0005
155,18,-0.0023
155,19,-0.0005
155,20,-0.0005
156,0,1.0
156,1,0.0005
156,2,0.0005
156,3,0.0004
156,4,0.0012
156,5,0.0007
156,6,0.0012
156,7,0.0012
156,8,0.0012
156,9,0.0012
156,10,0.0012
156,11,0.0012
156,12,-0.2378
156,13,0.0004
156,14,0.0004
156,15,0.0004
156,16,0.0004
156,17,-0.0001
156,18,0.0004
156,19,0.0003
156,20,0.0003
